{ "name": "24_us_wide_scaled", "nodes": [{ "id": "1", "coords": [-10.0, 70.0] },{ "id": "2", "coords": [-40.0, -130.0] },{ "id": "3", "coords": [700.0, -160.0] },{ "id": "5", "coords": [690.0, -720.0] },{ "id": "4", "coords": [-130.0, -870.0] },{ "id": "7", "coords": [360.0, -1160.0] },{ "id": "8", "coords": [150.0, -1530.0] },{ "id": "9", "coords": [700.0, -1640.0] },{ "id": "10", "coords": [1160.0, -1710.0] },{ "id": "6", "coords": [1190.0, -850.0] },{ "id": "11", "coords": [1850.0, -750.0] },{ "id": "21", "coords": [1930.0, -1650.0] },{ "id": "22", "coords": [1860.0, -1940.0] },{ "id": "12", "coords": [2510.0, -620.0] },{ "id": "14", "coords": [2900.0, -690.0] },{ "id": "13", "coords": [2830.0, -920.0] },{ "id": "18", "coords": [2930.0, -1200.0] },{ "id": "19", "coords": [3430.0, -1170.0] },{ "id": "20", "coords": [2780.0, -1450.0] },{ "id": "23", "coords": [2740.0, -1810.0] },{ "id": "24", "coords": [3310.0, -1800.0] },{ "id": "17", "coords": [3370.0, -780.0] },{ "id": "16", "coords": [3460.0, -610.0] },{ "id": "15", "coords": [3270.0, -330.0] }], "edges": [{ "from": "1", "to": "2" },{ "from": "2", "to": "3" },{ "from": "3", "to": "1" },{ "from": "2", "to": "4" },{ "from": "4", "to": "5" },{ "from": "5", "to": "3" },{ "from": "3", "to": "6" },{ "from": "6", "to": "5" },{ "from": "5", "to": "7" },{ "from": "7", "to": "4" },{ "from": "4", "to": "8" },{ "from": "8", "to": "9" },{ "from": "9", "to": "5" },{ "from": "8", "to": "7" },{ "from": "9", "to": "10" },{ "from": "10", "to": "6" },{ "from": "6", "to": "11" },{ "from": "3", "to": "12" },{ "from": "12", "to": "6" },{ "from": "11", "to": "13" },{ "from": "13", "to": "14" },{ "from": "14", "to": "12" },{ "from": "12", "to": "15" },{ "from": "15", "to": "16" },{ "from": "16", "to": "17" },{ "from": "17", "to": "13" },{ "from": "14", "to": "16" },{ "from": "17", "to": "18" },{ "from": "18", "to": "19" },{ "from": "13", "to": "18" },{ "from": "18", "to": "20" },{ "from": "20", "to": "13" },{ "from": "11", "to": "21" },{ "from": "21", "to": "20" },{ "from": "21", "to": "10" },{ "from": "21", "to": "22" },{ "from": "22", "to": "23" },{ "from": "23", "to": "20" },{ "from": "20", "to": "19" },{ "from": "19", "to": "24" },{ "from": "24", "to": "23" },{ "from": "22", "to": "10" }] }