{ "name": "esnet", "nodes": [{ "id": "0", "coords": [141.25, 69.166664] },{ "id": "1", "coords": [135.75, 63.166668] },{ "id": "2", "coords": [130.875, 57.0] },{ "id": "3", "coords": [138.5, 47.166668] },{ "id": "4", "coords": [100.375, 42.666668] },{ "id": "5", "coords": [98.375, 58.166668] },{ "id": "6", "coords": [95.75, 64.166664] },{ "id": "7", "coords": [91.0, 71.0] },{ "id": "8", "coords": [79.75, 95.166664] },{ "id": "9", "coords": [69.25, 82.166664] },{ "id": "10", "coords": [56.375, 97.666664] },{ "id": "11", "coords": [40.75, 99.166664] },{ "id": "12", "coords": [8.875, 79.333336] },{ "id": "13", "coords": [7.375, 52.5] },{ "id": "14", "coords": [8.375, 12.166667] },{ "id": "15", "coords": [41.125, 71.5] },{ "id": "16", "coords": [54.75, 71.333336] },{ "id": "17", "coords": [67.5, 58.333332] },{ "id": "18", "coords": [67.25, 47.333332] },{ "id": "19", "coords": [76.0, 66.0] },{ "id": "20", "coords": [83.125, 70.166664] },{ "id": "21", "coords": [26.25, 71.166664] },{ "id": "22", "coords": [41.875, 83.666664] },{ "id": "23", "coords": [17.375, 36.666668] }], "edges": [{ "from": "0", "to": "1" },{ "from": "1", "to": "2" },{ "from": "2", "to": "3" },{ "from": "3", "to": "4" },{ "from": "4", "to": "5" },{ "from": "5", "to": "6" },{ "from": "6", "to": "7" },{ "from": "7", "to": "8" },{ "from": "8", "to": "9" },{ "from": "9", "to": "10" },{ "from": "10", "to": "11" },{ "from": "11", "to": "12" },{ "from": "12", "to": "13" },{ "from": "13", "to": "14" },{ "from": "14", "to": "15" },{ "from": "15", "to": "16" },{ "from": "16", "to": "17" },{ "from": "17", "to": "18" },{ "from": "4", "to": "18" },{ "from": "6", "to": "18" },{ "from": "2", "to": "5" },{ "from": "2", "to": "6" },{ "from": "0", "to": "3" },{ "from": "0", "to": "7" },{ "from": "7", "to": "9" },{ "from": "17", "to": "9" },{ "from": "17", "to": "19" },{ "from": "19", "to": "20" },{ "from": "7", "to": "20" },{ "from": "17", "to": "7" },{ "from": "13", "to": "15" },{ "from": "13", "to": "17" },{ "from": "16", "to": "10" },{ "from": "15", "to": "21" },{ "from": "12", "to": "21" },{ "from": "11", "to": "22" },{ "from": "22", "to": "15" },{ "from": "23", "to": "14" },{ "from": "23", "to": "15" }] }