{ "name": "16_optic_pan_eu_scaled", "nodes": [{ "id": "0", "coords": [1698.0, 1296.0] },{ "id": "1", "coords": [2397.0, 1452.0] },{ "id": "2", "coords": [2364.0, 1209.0] },{ "id": "3", "coords": [1698.0, 1149.0] },{ "id": "4", "coords": [2175.0, 1797.0] },{ "id": "5", "coords": [2394.0, 1113.0] },{ "id": "6", "coords": [1290.0, 1077.0] },{ "id": "7", "coords": [2022.0, 1164.0] },{ "id": "8", "coords": [1860.0, 1422.0] },{ "id": "9", "coords": [1524.0, 1401.0] },{ "id": "10", "coords": [1164.0, 846.0] },{ "id": "11", "coords": [1827.0, 765.0] },{ "id": "12", "coords": [1839.0, 999.0] },{ "id": "13", "coords": [1485.0, 942.0] },{ "id": "14", "coords": [2115.0, 816.0] },{ "id": "15", "coords": [1527.0, 807.0] }], "edges": [{ "from": "0", "to": "3" },{ "from": "0", "to": "8" },{ "from": "0", "to": "9" },{ "from": "1", "to": "2" },{ "from": "1", "to": "4" },{ "from": "2", "to": "5" },{ "from": "2", "to": "7" },{ "from": "3", "to": "6" },{ "from": "3", "to": "12" },{ "from": "4", "to": "8" },{ "from": "5", "to": "14" },{ "from": "6", "to": "9" },{ "from": "6", "to": "10" },{ "from": "6", "to": "13" },{ "from": "7", "to": "8" },{ "from": "7", "to": "12" },{ "from": "7", "to": "14" },{ "from": "10", "to": "15" },{ "from": "11", "to": "12" },{ "from": "11", "to": "14" },{ "from": "11", "to": "15" },{ "from": "13", "to": "15" }] }