{ "name": "Funet-tz", "nodes": [{ "id": "0", "coords": [3344.0, 61.0] },{ "id": "1", "coords": [3365.0, 121.0] },{ "id": "2", "coords": [3241.0, 88.0] },{ "id": "3", "coords": [3233.0, 198.0] },{ "id": "4", "coords": [3255.0, 374.0] },{ "id": "5", "coords": [3427.0, 351.0] },{ "id": "6", "coords": [3368.0, 249.0] },{ "id": "7", "coords": [3401.0, 183.0] },{ "id": "8", "coords": [3473.0, 345.0] },{ "id": "9", "coords": [3526.0, 265.0] },{ "id": "10", "coords": [3378.0, 23.0] },{ "id": "11", "coords": [3474.0, 105.0] },{ "id": "12", "coords": [3479.0, 123.0] },{ "id": "13", "coords": [3507.0, 215.0] },{ "id": "14", "coords": [3070.0, 34.0] },{ "id": "15", "coords": [3275.0, 0.0] },{ "id": "16", "coords": [2953.0, 385.0] },{ "id": "17", "coords": [2939.0, 400.0] },{ "id": "18", "coords": [2794.0, 466.0] },{ "id": "19", "coords": [2680.0, 487.0] },{ "id": "20", "coords": [2930.0, 233.0] },{ "id": "21", "coords": [3137.0, 421.0] },{ "id": "22", "coords": [3255.0, 451.0] },{ "id": "23", "coords": [3107.0, 150.0] }], "edges": [{ "from": "7", "to": "12" },{ "from": "8", "to": "9" },{ "from": "18", "to": "19" },{ "from": "16", "to": "21" },{ "from": "0", "to": "10" },{ "from": "1", "to": "11" },{ "from": "5", "to": "8" },{ "from": "16", "to": "17" },{ "from": "6", "to": "7" },{ "from": "0", "to": "15" },{ "from": "12", "to": "13" },{ "from": "2", "to": "23" },{ "from": "3", "to": "6" },{ "from": "14", "to": "23" },{ "from": "18", "to": "20" },{ "from": "17", "to": "18" },{ "from": "4", "to": "5" },{ "from": "2", "to": "3" },{ "from": "11", "to": "12" },{ "from": "0", "to": "1" },{ "from": "9", "to": "13" },{ "from": "20", "to": "23" },{ "from": "21", "to": "22" },{ "from": "16", "to": "20" },{ "from": "14", "to": "15" },{ "from": "0", "to": "2" },{ "from": "4", "to": "22" }] }