{ "name": "28_optic_eu_scaled", "nodes": [{ "id": "0", "coords": [2637.0, 1977.0] },{ "id": "1", "coords": [1759.0, 1795.0] },{ "id": "2", "coords": [2452.0, 1436.0] },{ "id": "3", "coords": [2059.0, 1426.0] },{ "id": "4", "coords": [2376.0, 1122.0] },{ "id": "5", "coords": [1950.0, 1162.0] },{ "id": "6", "coords": [2072.0, 977.0] },{ "id": "7", "coords": [2343.0, 591.0] },{ "id": "8", "coords": [2053.0, 116.0] },{ "id": "9", "coords": [1643.0, 26.0] },{ "id": "10", "coords": [1703.0, 261.0] },{ "id": "11", "coords": [1769.0, 574.0] },{ "id": "12", "coords": [1650.0, 1102.0] },{ "id": "13", "coords": [1548.0, 1396.0] },{ "id": "14", "coords": [1370.0, 620.0] },{ "id": "15", "coords": [1373.0, 911.0] },{ "id": "16", "coords": [1254.0, 1115.0] },{ "id": "17", "coords": [1244.0, 1343.0] },{ "id": "18", "coords": [960.0, 937.0] },{ "id": "19", "coords": [964.0, 686.0] },{ "id": "20", "coords": [548.0, 317.0] },{ "id": "21", "coords": [132.0, 604.0] },{ "id": "22", "coords": [571.0, 855.0] },{ "id": "23", "coords": [736.0, 1112.0] },{ "id": "24", "coords": [980.0, 1436.0] },{ "id": "25", "coords": [469.0, 1492.0] },{ "id": "26", "coords": [686.0, 1838.0] },{ "id": "27", "coords": [251.0, 1964.0] }], "edges": [{ "from": "0", "to": "1" },{ "from": "0", "to": "2" },{ "from": "1", "to": "3" },{ "from": "1", "to": "13" },{ "from": "2", "to": "3" },{ "from": "2", "to": "4" },{ "from": "3", "to": "5" },{ "from": "4", "to": "6" },{ "from": "4", "to": "7" },{ "from": "5", "to": "6" },{ "from": "5", "to": "12" },{ "from": "6", "to": "11" },{ "from": "7", "to": "8" },{ "from": "7", "to": "11" },{ "from": "8", "to": "9" },{ "from": "9", "to": "10" },{ "from": "10", "to": "11" },{ "from": "11", "to": "12" },{ "from": "11", "to": "14" },{ "from": "12", "to": "13" },{ "from": "12", "to": "15" },{ "from": "13", "to": "17" },{ "from": "14", "to": "15" },{ "from": "14", "to": "19" },{ "from": "15", "to": "16" },{ "from": "15", "to": "18" },{ "from": "16", "to": "17" },{ "from": "16", "to": "23" },{ "from": "17", "to": "24" },{ "from": "18", "to": "19" },{ "from": "18", "to": "23" },{ "from": "19", "to": "20" },{ "from": "19", "to": "22" },{ "from": "20", "to": "21" },{ "from": "21", "to": "22" },{ "from": "22", "to": "23" },{ "from": "23", "to": "24" },{ "from": "23", "to": "25" },{ "from": "24", "to": "26" },{ "from": "25", "to": "27" },{ "from": "26", "to": "27" }] }