{ "name": "Darkstrand-tz", "nodes": [{ "id": "0", "coords": [2328.0, 1700.0] },{ "id": "1", "coords": [2456.0, 1374.0] },{ "id": "2", "coords": [2064.0, 2437.0] },{ "id": "3", "coords": [2240.0, 2071.0] },{ "id": "4", "coords": [3153.0, 2325.0] },{ "id": "5", "coords": [3691.0, 2294.0] },{ "id": "6", "coords": [2368.0, 2410.0] },{ "id": "7", "coords": [2774.0, 2335.0] },{ "id": "8", "coords": [3396.0, 1937.0] },{ "id": "9", "coords": [3899.0, 1650.0] },{ "id": "10", "coords": [4205.0, 1021.0] },{ "id": "11", "coords": [3971.0, 799.0] },{ "id": "12", "coords": [3541.0, 1049.0] },{ "id": "13", "coords": [3041.0, 1058.0] },{ "id": "14", "coords": [1576.0, 1559.0] },{ "id": "15", "coords": [3701.0, 1146.0] },{ "id": "16", "coords": [3985.0, 1277.0] },{ "id": "17", "coords": [4125.0, 1127.0] },{ "id": "18", "coords": [240.0, 1634.0] },{ "id": "19", "coords": [1314.0, 2111.0] },{ "id": "20", "coords": [405.0, 0.0] },{ "id": "21", "coords": [286.0, 217.0] },{ "id": "22", "coords": [0.0, 1149.0] },{ "id": "23", "coords": [723.0, 607.0] },{ "id": "24", "coords": [999.0, 1017.0] },{ "id": "25", "coords": [1569.0, 1237.0] },{ "id": "26", "coords": [1349.0, 1736.0] },{ "id": "27", "coords": [811.0, 1836.0] }], "edges": [{ "from": "4", "to": "7" },{ "from": "18", "to": "22" },{ "from": "10", "to": "11" },{ "from": "10", "to": "17" },{ "from": "19", "to": "26" },{ "from": "8", "to": "9" },{ "from": "14", "to": "26" },{ "from": "0", "to": "3" },{ "from": "5", "to": "8" },{ "from": "16", "to": "17" },{ "from": "2", "to": "19" },{ "from": "1", "to": "25" },{ "from": "12", "to": "13" },{ "from": "23", "to": "24" },{ "from": "18", "to": "27" },{ "from": "3", "to": "6" },{ "from": "2", "to": "6" },{ "from": "4", "to": "5" },{ "from": "1", "to": "13" },{ "from": "20", "to": "23" },{ "from": "9", "to": "16" },{ "from": "6", "to": "7" },{ "from": "11", "to": "12" },{ "from": "0", "to": "1" },{ "from": "12", "to": "15" },{ "from": "21", "to": "22" },{ "from": "14", "to": "25" },{ "from": "19", "to": "27" },{ "from": "24", "to": "25" },{ "from": "20", "to": "21" },{ "from": "15", "to": "16" }] }