{ "name": "BsonetEurope", "nodes": [{ "id": "0", "coords": [-158.2636566182668, 184.7803968253964] },{ "id": "1", "coords": [1.673033923423637, 181.5992857142853] },{ "id": "2", "coords": [-9.21509061052043, -199.88182539682558] },{ "id": "3", "coords": [-344.586329947032, -436.0973809523811] },{ "id": "5", "coords": [-664.2220573770712, 1259.395952380952] },{ "id": "6", "coords": [-243.27448314389702, 616.5381746031744] },{ "id": "7", "coords": [48.08860346203257, 698.5326190476186] },{ "id": "8", "coords": [-238.12069557144815, 100.06817460317387] },{ "id": "9", "coords": [-384.1697898431402, -69.2184920634923] },{ "id": "10", "coords": [-704.8789048788225, -935.3840476190479] },{ "id": "11", "coords": [435.34078799136427, -842.3907142857148] },{ "id": "13", "coords": [-32.25012313612813, -906.8518253968263] },{ "id": "14", "coords": [-906.7833890691361, 26.948174603174063] },{ "id": "17", "coords": [708.9217687021219, 321.9615079365078] }], "edges": [{ "from": "0", "to": "1" },{ "from": "1", "to": "9" },{ "from": "1", "to": "6" },{ "from": "1", "to": "17" },{ "from": "2", "to": "9" },{ "from": "2", "to": "3" },{ "from": "3", "to": "11" },{ "from": "5", "to": "17" },{ "from": "6", "to": "17" },{ "from": "6", "to": "7" },{ "from": "7", "to": "17" },{ "from": "8", "to": "9" },{ "from": "8", "to": "17" },{ "from": "9", "to": "11" },{ "from": "9", "to": "14" },{ "from": "10", "to": "11" },{ "from": "10", "to": "11" },{ "from": "11", "to": "13" },{ "from": "13", "to": "14" },{ "from": "14", "to": "17" }] }