{ "name": "EliBackbone-tz", "nodes": [{ "id": "0", "coords": [599.0, 1466.0] },{ "id": "1", "coords": [247.0, 1634.0] },{ "id": "2", "coords": [2247.0, 2071.0] },{ "id": "3", "coords": [818.0, 1836.0] },{ "id": "4", "coords": [14.0, 1153.0] },{ "id": "5", "coords": [293.0, 217.0] },{ "id": "6", "coords": [102.0, 1028.0] },{ "id": "7", "coords": [0.0, 1138.0] },{ "id": "8", "coords": [388.0, 35.0] },{ "id": "9", "coords": [412.0, 0.0] },{ "id": "10", "coords": [3403.0, 1937.0] },{ "id": "11", "coords": [2375.0, 2410.0] },{ "id": "12", "coords": [776.0, 130.0] },{ "id": "13", "coords": [730.0, 607.0] },{ "id": "14", "coords": [1005.0, 1017.0] },{ "id": "15", "coords": [2583.0, 724.0] },{ "id": "16", "coords": [3048.0, 1058.0] },{ "id": "17", "coords": [3855.0, 811.0] },{ "id": "18", "coords": [4197.0, 1021.0] },{ "id": "19", "coords": [3992.0, 1277.0] }], "edges": [{ "from": "4", "to": "7" },{ "from": "1", "to": "3" },{ "from": "10", "to": "11" },{ "from": "14", "to": "16" },{ "from": "5", "to": "6" },{ "from": "0", "to": "14" },{ "from": "8", "to": "9" },{ "from": "18", "to": "19" },{ "from": "0", "to": "3" },{ "from": "5", "to": "8" },{ "from": "6", "to": "14" },{ "from": "16", "to": "17" },{ "from": "2", "to": "19" },{ "from": "9", "to": "15" },{ "from": "12", "to": "13" },{ "from": "2", "to": "16" },{ "from": "9", "to": "14" },{ "from": "10", "to": "19" },{ "from": "1", "to": "4" },{ "from": "2", "to": "3" },{ "from": "6", "to": "7" },{ "from": "7", "to": "9" },{ "from": "0", "to": "1" },{ "from": "9", "to": "13" },{ "from": "6", "to": "8" },{ "from": "13", "to": "14" },{ "from": "17", "to": "18" },{ "from": "2", "to": "11" },{ "from": "15", "to": "16" },{ "from": "9", "to": "12" }] }