{ "name": "22_optic_eu_scaled", "nodes": [{ "id": "0", "coords": [1666.0, 1243.0] },{ "id": "1", "coords": [1901.0, 1817.0] },{ "id": "2", "coords": [2629.0, 1967.0] },{ "id": "3", "coords": [2685.0, 1173.0] },{ "id": "4", "coords": [1925.0, 1120.0] },{ "id": "5", "coords": [1334.0, 1512.0] },{ "id": "6", "coords": [2156.0, 987.0] },{ "id": "7", "coords": [1358.0, 1194.0] },{ "id": "8", "coords": [1803.0, 777.0] },{ "id": "9", "coords": [2800.0, 172.0] },{ "id": "10", "coords": [1453.0, 952.0] },{ "id": "11", "coords": [1365.0, 644.0] },{ "id": "12", "coords": [858.0, 1701.0] },{ "id": "13", "coords": [1033.0, 1183.0] },{ "id": "14", "coords": [1481.0, 294.0] },{ "id": "15", "coords": [1701.0, 0.0] },{ "id": "16", "coords": [641.0, 1904.0] },{ "id": "17", "coords": [0.0, 2097.0] },{ "id": "18", "coords": [683.0, 1250.0] },{ "id": "19", "coords": [879.0, 791.0] },{ "id": "20", "coords": [1365.0, 95.0] },{ "id": "21", "coords": [329.0, 679.0] }], "edges": [{ "from": "0", "to": "1" },{ "from": "0", "to": "4" },{ "from": "0", "to": "5" },{ "from": "0", "to": "7" },{ "from": "0", "to": "8" },{ "from": "0", "to": "10" },{ "from": "1", "to": "2" },{ "from": "1", "to": "3" },{ "from": "1", "to": "4" },{ "from": "1", "to": "5" },{ "from": "1", "to": "12" },{ "from": "2", "to": "3" },{ "from": "3", "to": "6" },{ "from": "4", "to": "6" },{ "from": "4", "to": "8" },{ "from": "5", "to": "7" },{ "from": "5", "to": "12" },{ "from": "5", "to": "13" },{ "from": "6", "to": "8" },{ "from": "7", "to": "10" },{ "from": "7", "to": "13" },{ "from": "8", "to": "9" },{ "from": "8", "to": "10" },{ "from": "8", "to": "11" },{ "from": "8", "to": "15" },{ "from": "9", "to": "15" },{ "from": "10", "to": "11" },{ "from": "10", "to": "13" },{ "from": "10", "to": "19" },{ "from": "11", "to": "14" },{ "from": "11", "to": "19" },{ "from": "12", "to": "13" },{ "from": "12", "to": "16" },{ "from": "12", "to": "18" },{ "from": "13", "to": "18" },{ "from": "13", "to": "19" },{ "from": "14", "to": "15" },{ "from": "14", "to": "20" },{ "from": "15", "to": "20" },{ "from": "16", "to": "17" },{ "from": "17", "to": "18" },{ "from": "18", "to": "19" },{ "from": "18", "to": "21" },{ "from": "19", "to": "20" },{ "from": "19", "to": "21" }] }