{ "name": "GtsPoland-tz", "nodes": [{ "id": "0", "coords": [4498.0, 222.0] },{ "id": "1", "coords": [4307.0, 134.0] },{ "id": "2", "coords": [4524.0, 389.0] },{ "id": "3", "coords": [4512.0, 337.0] },{ "id": "4", "coords": [4807.0, 353.0] },{ "id": "5", "coords": [4788.0, 451.0] },{ "id": "6", "coords": [4546.0, 44.0] },{ "id": "7", "coords": [4711.0, 0.0] },{ "id": "8", "coords": [4667.0, 408.0] },{ "id": "9", "coords": [4616.0, 304.0] },{ "id": "10", "coords": [4798.0, 162.0] },{ "id": "11", "coords": [4737.0, 617.0] },{ "id": "12", "coords": [4335.0, 521.0] },{ "id": "13", "coords": [4337.0, 359.0] },{ "id": "14", "coords": [4760.0, 75.0] },{ "id": "15", "coords": [4814.0, 244.0] },{ "id": "16", "coords": [4674.0, 160.0] },{ "id": "17", "coords": [4589.0, 157.0] },{ "id": "18", "coords": [4505.0, 495.0] },{ "id": "19", "coords": [4497.0, 446.0] },{ "id": "20", "coords": [4375.0, 640.0] },{ "id": "21", "coords": [4434.0, 687.0] },{ "id": "22", "coords": [4455.0, 729.0] },{ "id": "23", "coords": [4578.0, 767.0] },{ "id": "24", "coords": [4627.0, 532.0] },{ "id": "25", "coords": [4544.0, 590.0] }], "edges": [{ "from": "22", "to": "23" },{ "from": "8", "to": "9" },{ "from": "18", "to": "19" },{ "from": "11", "to": "24" },{ "from": "0", "to": "3" },{ "from": "5", "to": "8" },{ "from": "16", "to": "17" },{ "from": "8", "to": "24" },{ "from": "2", "to": "19" },{ "from": "12", "to": "13" },{ "from": "0", "to": "17" },{ "from": "7", "to": "10" },{ "from": "20", "to": "21" },{ "from": "23", "to": "25" },{ "from": "4", "to": "5" },{ "from": "1", "to": "13" },{ "from": "12", "to": "18" },{ "from": "2", "to": "3" },{ "from": "6", "to": "7" },{ "from": "0", "to": "1" },{ "from": "18", "to": "25" },{ "from": "21", "to": "22" },{ "from": "10", "to": "16" },{ "from": "4", "to": "15" },{ "from": "24", "to": "25" },{ "from": "0", "to": "6" },{ "from": "10", "to": "14" },{ "from": "0", "to": "9" }] }